{"stats":{"minecraft:broken":{"minecraft:netherite_helmet":2,"minecraft:netherite_boots":1},"minecraft:dropped":{"minecraft:water_bucket":3,"minecraft:netherite_pickaxe":2,"minecraft:respawn_anchor":192,"minecraft:lapis_lazuli":1,"minecraft:oak_log":1,"minecraft:ender_pearl":518,"minecraft:netherite_chestplate":7,"minecraft:creeper_spawn_egg":192,"minecraft:diamond_leggings":1,"minecraft:netherite_helmet":6,"minecraft:netherite_axe":2,"minecraft:crossbow":5,"minecraft:barrier":3,"minecraft:activator_rail":64,"minecraft:elytra":3,"minecraft:rail":128,"minecraft:golden_apple":192,"minecraft:item_frame":65,"minecraft:lava_bucket":4,"minecraft:red_shulker_box":4,"minecraft:packed_ice":128,"minecraft:tnt_minecart":814,"minecraft:netherite_boots":6,"minecraft:wooden_sword":4,"minecraft:bone_meal":1,"minecraft:cactus":1,"minecraft:paper":2,"minecraft:string":64,"minecraft:bucket":16,"minecraft:end_crystal":224,"minecraft:netherite_sword":15,"minecraft:obsidian":192,"minecraft:experience_bottle":64,"minecraft:totem_of_undying":746,"minecraft:shulker_box":1,"minecraft:netherite_leggings":8,"minecraft:suspicious_stew":36,"minecraft:flint_and_steel":5,"minecraft:filled_map":64,"minecraft:diamond_sword":6,"minecraft:tipped_arrow":320,"minecraft:shield":3,"minecraft:trident":4,"minecraft:gunpowder":2,"minecraft:glowstone":384,"minecraft:bow":3,"minecraft:powered_rail":64,"minecraft:chain_command_block":96,"minecraft:splash_potion":1041,"minecraft:light_blue_shulker_box":13,"minecraft:firework_rocket":448},"minecraft:killed_by":{"minecraft:player":315},"minecraft:picked_up":{"minecraft:splash_potion":72,"minecraft:diamond_sword":4,"minecraft:shield":1,"minecraft:string":12,"minecraft:elytra":1,"minecraft:flint_and_steel":1,"minecraft:oak_sign":1,"minecraft:diamond_leggings":1,"minecraft:tnt_minecart":103,"minecraft:respawn_anchor":128,"minecraft:netherite_sword":3,"minecraft:chest":2,"minecraft:tipped_arrow":193,"minecraft:copper_ingot":21,"minecraft:stone_button":1,"minecraft:netherite_pickaxe":3,"minecraft:end_crystal":160,"minecraft:prismarine_crystals":2,"minecraft:gray_stained_glass_pane":13,"minecraft:arrow":64,"minecraft:cactus":1,"minecraft:red_shulker_box":3,"minecraft:diamond_boots":2,"minecraft:glowstone":256,"minecraft:totem_of_undying":134,"minecraft:netherite_chestplate":1,"minecraft:obsidian":128,"minecraft:rail":100,"minecraft:netherite_boots":3,"minecraft:barrier":1,"minecraft:water_bucket":1,"minecraft:oak_log":1,"minecraft:gunpowder":1,"minecraft:netherite_leggings":3,"minecraft:lapis_lazuli":1,"minecraft:paper":1,"minecraft:stone_bricks":1,"minecraft:bow":1,"minecraft:iron_ingot":17,"minecraft:netherite_axe":1,"minecraft:glowstone_dust":17,"minecraft:powered_rail":23,"minecraft:quartz":10,"minecraft:lava_bucket":2,"minecraft:amethyst_shard":64,"minecraft:light_blue_shulker_box":12,"minecraft:shulker_box":2,"minecraft:firework_rocket":64,"minecraft:netherite_helmet":1,"minecraft:lever":1,"minecraft:crossbow":2,"minecraft:bone_meal":1,"minecraft:golden_apple":128,"minecraft:emerald":45,"minecraft:diamond_pickaxe":1,"minecraft:ender_pearl":192},"minecraft:custom":{"minecraft:interact_with_smithing_table":10,"minecraft:mob_kills":3,"minecraft:interact_with_anvil":20,"minecraft:interact_with_crafting_table":2,"minecraft:open_barrel":13,"minecraft:open_shulker_box":55,"minecraft:leave_game":518,"minecraft:time_since_death":11297,"minecraft:damage_resisted":7635354,"minecraft:sprint_one_cm":24356131,"minecraft:walk_one_cm":8855881,"minecraft:damage_blocked_by_shield":1400,"minecraft:drop":510,"minecraft:play_time":10187046,"minecraft:deaths":345,"minecraft:sneak_time":24637,"minecraft:jump":42232,"minecraft:walk_on_water_one_cm":11814,"minecraft:total_world_time":17568292,"minecraft:time_since_rest":11297,"minecraft:open_enderchest":31,"minecraft:damage_taken":1094181,"minecraft:damage_absorbed":735902,"minecraft:damage_dealt":52090,"minecraft:fly_one_cm":22690302,"minecraft:player_kills":283,"minecraft:open_chest":1825,"minecraft:crouch_one_cm":33789,"minecraft:aviate_one_cm":3160030,"minecraft:fall_one_cm":558651},"minecraft:crafted":{"minecraft:oak_planks":1856,"minecraft:air":0,"minecraft:blue_dye":1,"minecraft:white_dye":1,"minecraft:light_blue_dye":2,"minecraft:light_blue_shulker_box":1},"minecraft:mined":{"minecraft:sea_lantern":1,"minecraft:glowstone":2,"minecraft:fire":122,"minecraft:light_blue_shulker_box":12,"minecraft:oak_log":1,"minecraft:cobweb":143},"minecraft:killed":{"minecraft:parrot":3,"minecraft:player":290},"minecraft:used":{"minecraft:trident":20,"minecraft:netherite_sword":17461,"minecraft:flint_and_steel":65,"minecraft:smooth_quartz_slab":3,"minecraft:elytra":144,"minecraft:oak_sign":3,"minecraft:chest":99,"minecraft:shield":14,"minecraft:ender_chest":5,"minecraft:stone":1,"minecraft:quartz_stairs":5,"minecraft:debug_stick":24,"minecraft:anvil":8,"minecraft:shulker_box":3,"minecraft:obsidian":2436,"minecraft:red_shulker_box":1,"minecraft:wooden_axe":2,"minecraft:sea_lantern":73,"minecraft:lava_bucket":133,"minecraft:quartz_pillar":251,"minecraft:quartz_slab":8,"minecraft:grass_block":135,"minecraft:quartz_block":17,"minecraft:smooth_quartz":1,"minecraft:totem_of_undying":9228,"minecraft:barrel":6,"minecraft:stone_bricks":24,"minecraft:item_frame":34,"minecraft:glowstone":157,"minecraft:redstone_lamp":22,"minecraft:bow":3493,"minecraft:iron_trapdoor":7,"minecraft:stone_pressure_plate":2,"minecraft:cooked_beef":23,"minecraft:enchanted_golden_apple":72,"minecraft:quartz_bricks":170,"minecraft:water_bucket":25,"minecraft:light_blue_shulker_box":34,"minecraft:dark_oak_hanging_sign":3,"minecraft:powered_rail":716,"minecraft:netherite_chestplate":140,"minecraft:oak_planks":758,"minecraft:ender_pearl":6758,"minecraft:redstone_block":55,"minecraft:glow_ink_sac":2,"minecraft:smooth_quartz_stairs":247,"minecraft:glow_item_frame":2,"minecraft:golden_apple":830,"minecraft:respawn_anchor":589,"minecraft:rail":1469,"minecraft:crafting_table":4,"minecraft:crossbow":89,"minecraft:chiseled_quartz_block":23,"minecraft:stone_brick_wall":6,"minecraft:painting":4,"minecraft:oak_log":182,"minecraft:sticky_piston":26,"minecraft:netherite_block":44,"minecraft:lever":23,"minecraft:diamond_pickaxe":12,"minecraft:firework_rocket":309,"minecraft:command_block":62,"minecraft:barrier":17,"minecraft:string":5,"minecraft:stone_button":27,"minecraft:netherite_axe":1,"minecraft:tnt_minecart":1699,"minecraft:diamond_sword":39479,"minecraft:wooden_sword":537,"minecraft:end_crystal":7799,"minecraft:smithing_table":6,"minecraft:bucket":156,"minecraft:chain_command_block":35,"minecraft:repeating_command_block":8,"minecraft:splash_potion":1334,"minecraft:cobweb":587}},"DataVersion":3700}