{"stats":{"minecraft:killed":{"minecraft:cow":6},"minecraft:dropped":{"minecraft:barrier":1,"minecraft:furnace":128,"minecraft:cow_spawn_egg":64,"minecraft:beef":8,"minecraft:leather":3,"minecraft:verdant_froglight":128,"minecraft:glass":2,"minecraft:pearlescent_froglight":128,"minecraft:crying_obsidian":64,"minecraft:lime_concrete":64,"minecraft:lodestone":128,"minecraft:smithing_table":128,"minecraft:soul_lantern":2,"minecraft:composter":128},"minecraft:custom":{"minecraft:time_since_rest":27080,"minecraft:crouch_one_cm":2154,"minecraft:sprint_one_cm":34114,"minecraft:play_time":27080,"minecraft:walk_one_cm":27021,"minecraft:sneak_time":853,"minecraft:mob_kills":6,"minecraft:drop":32,"minecraft:jump":137,"minecraft:damage_dealt":600,"minecraft:leave_game":6,"minecraft:time_since_death":27080,"minecraft:total_world_time":27080,"minecraft:fall_one_cm":418,"minecraft:fly_one_cm":48382},"minecraft:used":{"minecraft:glass":49,"minecraft:lime_concrete":33,"minecraft:cow_spawn_egg":6,"minecraft:barrier":52},"minecraft:picked_up":{"minecraft:leather":3,"minecraft:pearlescent_froglight":128,"minecraft:composter":128,"minecraft:soul_lantern":1,"minecraft:smithing_table":128,"minecraft:beef":8,"minecraft:lodestone":128,"minecraft:crying_obsidian":64,"minecraft:verdant_froglight":128,"minecraft:furnace":128}},"DataVersion":3465}