{"stats":{"minecraft:dropped":{"minecraft:crossbow":1},"minecraft:killed_by":{"minecraft:player":23},"minecraft:picked_up":{"minecraft:splash_potion":67,"minecraft:diamond_sword":1,"minecraft:tnt_minecart":25,"minecraft:lava_bucket":1,"minecraft:oak_log":9,"minecraft:light_blue_shulker_box":2,"minecraft:stone_button":3,"minecraft:glowstone_dust":4,"minecraft:powered_rail":209,"minecraft:string":197,"minecraft:prismarine_crystals":2,"minecraft:rail":455,"minecraft:elytra":1},"minecraft:custom":{"minecraft:time_since_rest":47592,"minecraft:damage_taken":688471,"minecraft:crouch_one_cm":6042,"minecraft:damage_absorbed":474290,"minecraft:play_time":3872708,"minecraft:sprint_one_cm":8632879,"minecraft:walk_one_cm":1689245,"minecraft:deaths":28,"minecraft:sneak_time":1592,"minecraft:drop":1,"minecraft:jump":21426,"minecraft:damage_dealt":151797,"minecraft:leave_game":247,"minecraft:time_since_death":47592,"minecraft:walk_on_water_one_cm":87,"minecraft:total_world_time":7759240,"minecraft:damage_resisted":1952890,"minecraft:fly_one_cm":8100420,"minecraft:fall_one_cm":209453,"minecraft:player_kills":297},"minecraft:killed":{"minecraft:player":295},"minecraft:used":{"minecraft:netherite_sword":10032,"minecraft:diamond_sword":20711,"minecraft:sea_lantern":3,"minecraft:wooden_sword":1,"minecraft:end_crystal":8,"minecraft:ender_pearl":3883,"minecraft:structure_void":3,"minecraft:obsidian":5,"minecraft:totem_of_undying":6203}},"DataVersion":3700}